{
  "name": "root",
  "gauges": [
    {
      "name": "RollerBallVisualBrain.mean_reward",
      "value": -0.7703349282296651,
      "min": -0.7703349282296651,
      "max": -0.7703349282296651,
      "count": 1
    }
  ],
  "total": 78.8867613,
  "count": 1,
  "self": 10.292981000000069,
  "children": [
    {
      "name": "TrainerController.advance",
      "total": 68.59378029999993,
      "count": 1458,
      "self": 3.685664900000063,
      "children": [
        {
          "name": "env_step",
          "total": 58.202188599999864,
          "count": 1458,
          "self": 51.804733399999975,
          "children": [
            {
              "name": "SubprocessEnvManager._take_step",
              "total": 6.38136559999999,
              "count": 1458,
              "self": 0.025892199999878684,
              "children": [
                {
                  "name": "PPOPolicy.evaluate",
                  "total": 6.355473400000111,
                  "count": 1458,
                  "self": 6.355473400000111
                }
              ]
            },
            {
              "name": "workers",
              "total": 0.016089599999903115,
              "count": 1457,
              "self": 0.0,
              "children": [
                {
                  "name": "worker_root",
                  "total": 74.66342949999985,
                  "count": 1457,
                  "is_parallel": true,
                  "self": 30.406429799999948,
                  "children": [
                    {
                      "name": "BrainInfo.process_pixels",
                      "total": 0.013444000000000234,
                      "count": 9,
                      "is_parallel": true,
                      "self": 0.0011004000000003344,
                      "children": [
                        {
                          "name": "image_decompress",
                          "total": 0.012343599999999899,
                          "count": 9,
                          "is_parallel": true,
                          "self": 0.012343599999999899
                        }
                      ]
                    },
                    {
                      "name": "UnityEnvironment.step",
                      "total": 44.2435556999999,
                      "count": 1457,
                      "is_parallel": true,
                      "self": 1.5857722999998884,
                      "children": [
                        {
                          "name": "UnityEnvironment._generate_step_input",
                          "total": 3.3195559000000587,
                          "count": 1457,
                          "is_parallel": true,
                          "self": 3.3195559000000587
                        },
                        {
                          "name": "communicator.exchange",
                          "total": 35.93771190000003,
                          "count": 1457,
                          "is_parallel": true,
                          "self": 35.93771190000003
                        },
                        {
                          "name": "BrainInfo.process_pixels",
                          "total": 3.4005155999999204,
                          "count": 13113,
                          "is_parallel": true,
                          "self": 0.889341399999922,
                          "children": [
                            {
                              "name": "image_decompress",
                              "total": 2.5111741999999984,
                              "count": 13113,
                              "is_parallel": true,
                              "self": 2.5111741999999984
                            }
                          ]
                        }
                      ]
                    }
                  ]
                }
              ]
            }
          ]
        },
        {
          "name": "update_policy",
          "total": 6.705926800000007,
          "count": 1,
          "self": 0.32165949999997423,
          "children": [
            {
              "name": "PPOPolicy.update",
              "total": 6.384267300000033,
              "count": 480,
              "self": 6.384267300000033
            }
          ]
        }
      ]
    }
  ]
}