{"count":1,"self":51.8397632,"total":422.0480151,"children":{"AgentResetIfDone":{"count":500084,"self":0.7700362,"total":0.7700362,"children":null},"AgentSendState":{"count":500084,"self":0.65879729999999992,"total":0.70069439999999994,"children":{"CollectObservations":{"count":50009,"self":0.0418971,"total":0.0418971,"children":null}}},"DecideAction":{"count":500084,"self":329.6453888,"total":367.17824939999997,"children":{"AgentInfo.ToProto":{"count":50009,"self":0.7828354,"total":37.5328485,"children":{"CameraSensor.GetCompressedObservation":{"count":50009,"self":36.7500128,"total":36.7500131,"children":null}}}}},"AcademyStep":{"count":500084,"self":0.5412195,"total":0.5412195,"children":null},"AgentAct":{"count":500084,"self":1.0160563999999999,"total":1.0160563999999999,"children":null}}}