{"count":1,"self":1.9245078,"total":75.03196779999999,"children":{"AgentResetIfDone":{"count":7334,"self":0.0238734,"total":0.0238734,"children":null},"AgentSendState":{"count":7334,"self":0.0323546,"total":0.0433019,"children":{"CollectObservations":{"count":13203,"self":0.0109473,"total":0.0109473,"children":null}}},"DecideAction":{"count":7334,"self":64.9300928,"total":72.987576199999992,"children":{"AgentInfo.ToProto":{"count":1467,"self":0.2635435,"total":8.057482,"children":{"CameraSensor.GetCompressedObservation":{"count":13203,"self":7.7939384,"total":7.7939384999999994,"children":null}}}}},"AcademyStep":{"count":7334,"self":0.0119037,"total":0.0119037,"children":null},"AgentAct":{"count":7334,"self":0.0388099,"total":0.0388099,"children":null}}}